<?xml version="1.0" encoding="UTF-8"?>
<Root VersionMajor="1" VersionMinor="15">
  <GenAppInfo Name="Vivado" Version="2023.1" CL="3865809" TimeStamp="Thu Sep 21 11:00:31 2023"/>
  <DSA Vendor="xilinx" BoardId="" Name="" VersionMajor="0" VersionMinor="0" Description="Vivado generated Hardware Platform" FeatureRomTimestamp="0" DcpLogicFunctionStripped="false" DcpEncrypt="false" Unified="true" Fixed="true" DefaultOutputType="hw_export">
    <Build UsesPR="false" PlatformState="pre_synth" AcceleratorBinaryContent="bitstream" ValidBinaryContentValues="dcp,bitstream" TopModuleName="Z_system_wrapper"/>
    <Board Name="" Vendor="" Part="">
      <Images>
        <Img Type="HDPI" File=""/>
        <Img Type="MDPI" File=""/>
        <Img Type="LDPI" File=""/>
      </Images>
    </Board>
    <Devices>
      <Device Name="fpga0" Type="8" FpgaDevice="zynq:xc7z020:clg484:-1">
        <Core Name="OCL_REGION_0" Type="clc_region" ComputeUnits="60">
          <AvailableResources LUT="53200" REG="106400" BRAM="140" DSP="220"/>
        </Core>
      </Device>
    </Devices>
    <Files>
      <File Type="FULL_BIT" Name="Z_system_wrapper.bit"/>
    </Files>
  </DSA>
</Root>
