<?xml version="1.0" encoding="UTF-8"?>
<GenRun Id="Z_system_processing_system7_0_0_synth_1" LaunchPart="xc7z020clg484-1" LaunchTime="1695245202">
  <File Type="PA-TCL" Name="Z_system_processing_system7_0_0.tcl"/>
  <File Type="REPORTS-TCL" Name="Z_system_processing_system7_0_0_reports.tcl"/>
  <File Type="RDS-RDS" Name="Z_system_processing_system7_0_0.vds"/>
  <File Type="RDS-UTIL" Name="Z_system_processing_system7_0_0_utilization_synth.rpt"/>
  <File Type="RDS-UTIL-PB" Name="Z_system_processing_system7_0_0_utilization_synth.pb"/>
  <File Type="RDS-DCP" Name="Z_system_processing_system7_0_0.dcp"/>
  <FileSet Name="sources" Type="BlockSrcs" RelSrcDir="$PSRCDIR/Z_system_processing_system7_0_0" RelGenDir="$PGENDIR/Z_system_processing_system7_0_0">
    <File Path="$PSRCDIR/sources_1/bd/Z_system/ip/Z_system_processing_system7_0_0/Z_system_processing_system7_0_0.xci">
      <FileInfo>
        <Attr Name="Library" Val="xil_defaultlib"/>
        <Attr Name="UsedIn" Val="synthesis"/>
        <Attr Name="UsedIn" Val="implementation"/>
        <Attr Name="UsedIn" Val="simulation"/>
      </FileInfo>
    </File>
    <Config>
      <Option Name="TopModule" Val="Z_system_processing_system7_0_0"/>
      <Option Name="UseBlackboxStub" Val="1"/>
    </Config>
  </FileSet>
  <FileSet Name="constrs_in" Type="BlockSrcs" RelSrcDir="$PSRCDIR/Z_system_processing_system7_0_0" RelGenDir="$PGENDIR/Z_system_processing_system7_0_0">
    <File Path="$PSRCDIR/sources_1/bd/Z_system/ip/Z_system_processing_system7_0_0/Z_system_processing_system7_0_0.xci">
      <FileInfo>
        <Attr Name="Library" Val="xil_defaultlib"/>
        <Attr Name="UsedIn" Val="synthesis"/>
        <Attr Name="UsedIn" Val="implementation"/>
        <Attr Name="UsedIn" Val="simulation"/>
      </FileInfo>
    </File>
    <Config>
      <Option Name="TopModule" Val="Z_system_processing_system7_0_0"/>
      <Option Name="UseBlackboxStub" Val="1"/>
    </Config>
  </FileSet>
  <FileSet Name="utils" Type="Utils" RelSrcDir="$PSRCDIR/utils_1" RelGenDir="$PGENDIR/utils_1">
    <Filter Type="Utils"/>
    <Config>
      <Option Name="TopAutoSet" Val="TRUE"/>
    </Config>
  </FileSet>
  <Strategy Version="1" Minor="2">
    <StratHandle Name="Vivado Synthesis Defaults" Flow="Vivado Synthesis 2023"/>
    <Step Id="synth_design"/>
  </Strategy>
</GenRun>
