<?xml version="1.0"?>
<Runs Version="1" Minor="0">
	<Run Id="Z_system_processing_system7_0_0_synth_1" LaunchDir="D:/ZynqHW/2023.1/ZynqDesign/ZynqDesign.runs/Z_system_processing_system7_0_0_synth_1" FlowId="Vivado_Synthesis" FromStepId="vivado" ToStepId="vivado"/>
	<Run Id="synth_1" LaunchDir="D:/ZynqHW/2023.1/ZynqDesign/ZynqDesign.runs/synth_1" FlowId="Vivado_Synthesis" FromStepId="vivado" ToStepId="vivado">
		<Parent Id="Z_system_processing_system7_0_0_synth_1"/>
	</Run>
	<Run Id="impl_1" LaunchDir="D:/ZynqHW/2023.1/ZynqDesign/ZynqDesign.runs/impl_1" FlowId="Vivado_Implementation" FromStepId="init_design" ToStepId="write_bitstream">
		<Parent Id="synth_1"/>
		<Parent Id="Z_system_processing_system7_0_0_synth_1"/>
	</Run>
	<Parameters>
		<Parameter Name="runs.monitorLSFJobs" Val="true" Type="bool"/>
		<Parameter Name="runs.enableClusterConf" Val="true" Type="bool"/>
	</Parameters>
</Runs>

